{
  "f8e6b000-5643-4b86-9080-aa680ce1f599": {
    "asset": 1517454752750,
    "meta": 1515662864000,
    "relativePath": "image"
  },
  "e851e89b-faa2-4484-bea6-5c01dd9f06e2": {
    "asset": 1515662864000,
    "meta": 1517713803995,
    "relativePath": "image\\default_btn_normal.png"
  },
  "71561142-4c83-4933-afca-cb7a17f67053": {
    "asset": 1515662864000,
    "meta": 1517713803982,
    "relativePath": "image\\default_btn_disabled.png"
  },
  "d81ec8ad-247c-4e62-aa3c-d35c4193c7af": {
    "asset": 1515662864000,
    "meta": 1517713804037,
    "relativePath": "image\\default_panel.png"
  },
  "b43ff3c2-02bb-4874-81f7-f2dea6970f18": {
    "asset": 1515662864000,
    "meta": 1517713804026,
    "relativePath": "image\\default_btn_pressed.png"
  },
  "99170b0b-d210-46f1-b213-7d9e3f23098a": {
    "asset": 1515662864000,
    "meta": 1517713804058,
    "relativePath": "image\\default_progressbar_bg.png"
  },
  "cfef78f1-c8df-49b7-8ed0-4c953ace2621": {
    "asset": 1515662864000,
    "meta": 1517713804078,
    "relativePath": "image\\default_progressbar.png"
  },
  "9d60001f-b5f4-4726-a629-2659e3ded0b8": {
    "asset": 1515662864000,
    "meta": 1517713804134,
    "relativePath": "image\\default_radio_button_on.png"
  },
  "567dcd80-8bf4-4535-8a5a-313f1caf078a": {
    "asset": 1515662864000,
    "meta": 1517713804089,
    "relativePath": "image\\default_radio_button_off.png"
  },
  "4bab67cb-18e6-4099-b840-355f0473f890": {
    "asset": 1515662864000,
    "meta": 1517713804151,
    "relativePath": "image\\default_scrollbar_bg.png"
  },
  "617323dd-11f4-4dd3-8eec-0caf6b3b45b9": {
    "asset": 1515662864000,
    "meta": 1517713804178,
    "relativePath": "image\\default_scrollbar_vertical_bg.png"
  },
  "0291c134-b3da-4098-b7b5-e397edbe947f": {
    "asset": 1515662864000,
    "meta": 1517713804218,
    "relativePath": "image\\default_scrollbar.png"
  },
  "d6d3ca85-4681-47c1-b5dd-d036a9d39ea2": {
    "asset": 1515662864000,
    "meta": 1517713804186,
    "relativePath": "image\\default_scrollbar_vertical.png"
  },
  "0275e94c-56a7-410f-bd1a-fc7483f7d14a": {
    "asset": 1515662864000,
    "meta": 1517713804227,
    "relativePath": "image\\default_sprite_splash.png"
  },
  "6e056173-d285-473c-b206-40a7fff5386e": {
    "asset": 1515662864000,
    "meta": 1517713804246,
    "relativePath": "image\\default_sprite.png"
  },
  "73a0903d-d80e-4e3c-aa67-f999543c08f5": {
    "asset": 1515662864000,
    "meta": 1517713804255,
    "relativePath": "image\\default_toggle_checkmark.png"
  },
  "c25b9d50-c8fc-4d27-beeb-6e7c1f2e5c0f": {
    "asset": 1515662864000,
    "meta": 1517713804272,
    "relativePath": "image\\default_toggle_disabled.png"
  },
  "d29077ba-1627-4a72-9579-7b56a235340c": {
    "asset": 1515662864000,
    "meta": 1517713804279,
    "relativePath": "image\\default_toggle_normal.png"
  },
  "b181c1e4-0a72-4a91-bfb0-ae6f36ca60bd": {
    "asset": 1515662864000,
    "meta": 1517713804305,
    "relativePath": "image\\default_toggle_pressed.png"
  },
  "fc09f9bd-2cce-4605-b630-8145ef809ed6": {
    "asset": 1517454696591,
    "meta": 1515662864000,
    "relativePath": "misc"
  },
  "2be36297-9abb-4fee-8049-9ed5e271da8a": {
    "asset": 1515662864000,
    "meta": 1515662864000,
    "relativePath": "misc\\default_video.mp4"
  },
  "f6e6dd15-71d1-4ffe-ace7-24fd39942c05": {
    "asset": 1517454710858,
    "meta": 1515662864000,
    "relativePath": "obsolete"
  },
  "b8223619-7e38-47c4-841f-9160c232495a": {
    "asset": 1515662864000,
    "meta": 1515662864000,
    "relativePath": "obsolete\\atom.plist"
  },
  "f743d2b6-b7ea-4c14-a55b-547ed4d0a045": {
    "asset": 1517454696623,
    "meta": 1515662864000,
    "relativePath": "particle"
  },
  "b2687ac4-099e-403c-a192-ff477686f4f5": {
    "asset": 1515662864000,
    "meta": 1515662864000,
    "relativePath": "particle\\atom.plist"
  },
  "ae6c6c98-11e4-452f-8758-75f5c6a56e83": {
    "asset": 1517454883083,
    "meta": 1515662864000,
    "relativePath": "prefab"
  },
  "972b9a4d-47ee-4c74-b5c3-61d8a69bc29f": {
    "asset": 1515662864000,
    "meta": 1517713804297,
    "relativePath": "prefab\\button.prefab"
  },
  "2c937608-2562-40ea-b264-7395df6f0cea": {
    "asset": 1515662864000,
    "meta": 1517713804328,
    "relativePath": "prefab\\canvas.prefab"
  },
  "61aeb05b-3b32-452b-8eed-2b76deeed554": {
    "asset": 1515662864000,
    "meta": 1517713804338,
    "relativePath": "prefab\\editbox.prefab"
  },
  "785a442c-3ceb-45be-a46e-7317f625f3b9": {
    "asset": 1515662864000,
    "meta": 1517713804360,
    "relativePath": "prefab\\layout.prefab"
  },
  "ca8401fe-ad6e-41a8-bd46-8e3e4e9945be": {
    "asset": 1515662864000,
    "meta": 1517713804378,
    "relativePath": "prefab\\pageview.prefab"
  },
  "27756ebb-3d33-44b0-9b96-e858fadd4dd4": {
    "asset": 1515662864000,
    "meta": 1517713804355,
    "relativePath": "prefab\\label.prefab"
  },
  "cd33edea-55f5-46c2-958d-357a01384a36": {
    "asset": 1515662864000,
    "meta": 1517713804383,
    "relativePath": "prefab\\particlesystem.prefab"
  },
  "5965ffac-69da-4b55-bcde-9225d0613c28": {
    "asset": 1515662864000,
    "meta": 1517713804408,
    "relativePath": "prefab\\progressBar.prefab"
  },
  "4a37dd57-78cd-4cec-aad4-f11a73d12b63": {
    "asset": 1515662864000,
    "meta": 1517713804404,
    "relativePath": "prefab\\richtext.prefab"
  },
  "32044bd2-481f-4cf1-a656-e2b2fb1594eb": {
    "asset": 1515662864000,
    "meta": 1517713804436,
    "relativePath": "prefab\\scrollview.prefab"
  },
  "0004d1cf-a0ad-47d8-ab17-34d3db9d35a3": {
    "asset": 1515662864000,
    "meta": 1517713804432,
    "relativePath": "prefab\\slider.prefab"
  },
  "1f55e3be-b89b-4b79-88de-47fd31018044": {
    "asset": 1515662864000,
    "meta": 1517713804452,
    "relativePath": "prefab\\sprite_splash.prefab"
  },
  "96083d03-c332-4a3f-9386-d03e2d19e8ee": {
    "asset": 1515662864000,
    "meta": 1517713804459,
    "relativePath": "prefab\\sprite.prefab"
  },
  "7de03a80-4457-438d-95a7-3e7cdffd6086": {
    "asset": 1515662864000,
    "meta": 1517713804494,
    "relativePath": "prefab\\tiledmap.prefab"
  },
  "0d784963-d024-4ea6-a7db-03be0ad63010": {
    "asset": 1515662864000,
    "meta": 1517713804484,
    "relativePath": "prefab\\toggle.prefab"
  },
  "bf0a434c-84dd-4a8e-a08a-7a36f180cc75": {
    "asset": 1515662864000,
    "meta": 1517713804547,
    "relativePath": "prefab\\toggleContainer.prefab"
  },
  "d1b8be49-b0a0-435c-83b7-552bed4bbe35": {
    "asset": 1515662864000,
    "meta": 1517713804542,
    "relativePath": "prefab\\toggleGroup.prefab"
  },
  "232d2782-c4bd-4bb4-9e01-909f03d6d3b9": {
    "asset": 1515662864000,
    "meta": 1517713804564,
    "relativePath": "prefab\\videoplayer.prefab"
  },
  "8c5001fd-07ee-4a4b-a8a0-63e15195e94d": {
    "asset": 1515662864000,
    "meta": 1517713804569,
    "relativePath": "prefab\\webview.prefab"
  },
  "29f52784-2fca-467b-92e7-8fd9ef8c57b7": {
    "asset": 1517562452058,
    "meta": 1517562452058,
    "relativePath": "Scene"
  },
  "4734c20c-0db8-4eb2-92ea-e692f4d70934": {
    "asset": 1517663169826,
    "meta": 1517562452058,
    "relativePath": "Script"
  },
  "280c3aec-6492-4a9d-9f51-a9b00b570b4a": {
    "asset": 1517562452074,
    "meta": 1517562481648,
    "relativePath": "Script\\HelloWorld.js"
  },
  "2d2f792f-a40c-49bb-a189-ed176a246e49": {
    "asset": 1517657483521,
    "meta": 1517657483580,
    "relativePath": "Scene\\helloworld.fire"
  },
  "7b81d4e8-ec84-4716-968d-500ac1d78a54": {
    "asset": 1517562452074,
    "meta": 1517562452058,
    "relativePath": "Texture"
  },
  "a8027877-d8d6-4645-97a0-52d4a0123dba": {
    "asset": 1517562452074,
    "meta": 1517562481827,
    "relativePath": "Texture\\singleColor.png"
  },
  "6aa0aa6a-ebee-4155-a088-a687a6aadec4": {
    "asset": 1517562452074,
    "meta": 1517562481842,
    "relativePath": "Texture\\HelloWorld.png"
  },
  "7cc2e81e-d344-4ba1-80e8-380e676a34a3": {
    "asset": 1517664538820,
    "meta": 1517664625177,
    "relativePath": "Script\\socket.io.js"
  },
  "915f32f1-338a-42c8-a077-f92d1d15037a": {
    "asset": 1517750775174,
    "meta": 1517750778110,
    "relativePath": "Script\\myApp.js"
  }
}